id,タイトル:title,説明:description,開始日:start,最終日:end
2014-1,新年おめでとう展【後期】,,2014/01/05,2014/01/13
2014-2,新春彫刻展,,2014/01/14,2014/01/20
2014-3,光彩画廊コレクション展,,2014/01/21,2014/01/27
2014-4,森清行・河原潤 二人展 二重星,,2014/01/28,2014/02/03
2014-5,羽賀夏子展,,2014/02/04,2014/02/10
2014-6,大久保正義・昌估 ２人展,,2014/02/11,2014/02/17
2014-7,6X6 写真展,,2014/02/18,2014/02/24
2014-8,第68回新ロマン派ヒラマ画廊賞受賞者展,,2014/02/25,2014/03/03
2014-9,猫の絵小品展,,2014/03/04,2014/03/10
2014-10,アトリエ・フォルモ展,,2014/03/11,2014/03/17
2014-11,第69回純正展受賞者・新会員・新会友展,,2014/03/18,2014/03/24
2014-12,第68回新ロマン派受賞者賞・新会員・新会友展,,2014/03/25,2014/03/31
2014-13,アトリエ・コンポジション展,,2014/04/08,2014/04/14
2014-14,杉本雅子個展,,2014/04/15,2014/04/21
2014-15,平間文子個展,,2014/04/22,2014/05/03
2014-16,高文連上川地区美術部展 前期,,2014/05/04,2014/05/11
2014-17,高文連上川地区美術部展 後期,,2014/05/12,2014/05/19
2014-18,大蔵屋 春の茶道具展,,2014/05/20,2014/05/26
2014-19,第68回新ロマン派受賞者・新会員・新会友展,,2014/05/27,2014/06/02
2014-20,動物のいる情景展,,2014/06/03,2014/06/09
2014-21,動物のいる情景展,,2014/06/10,2014/06/16
2014-23,全道展旭川支部小品展（予定）,,2014/06/24,2014/06/30
2014-24,第36回シャンテパステル画展,,2014/07/01,2014/07/07
2014-26,Water Collar（水彩展）,,2014/07/15,2014/07/21
2014-27,夏展（前期）予定,,2014/07/22,2014/07/28
2014-28,夏展（後期）予定,,2014/07/29,2014/08/04
2014-29,雪ノ浦作品展,,2014/08/05,2014/08/11
2014-30,佐々木真紀個展,,2014/08/12,2014/08/18
2014-31,OYOYO展,,2014/08/19,2014/08/25
2014-32,水無瀬けい子展,,2014/08/26,2014/09/01